chrom,start_pos,gene,wtnuc,varnuc,insnucs,delnucs,reason_for_filtering
1,113460677,SLC16A1,,,,AATAAATA,Benign variant
1,113460677,SLC16A1,,,,AATA,Benign variant
1,113460681,SLC16A1,,,,AATA,Benign variant
1,156105622,LMNA,C,A,,,Benign variant
1,161332105,SDHC,,,,T,Benign variant
1,193202044,CDC73,,,,A,Benign variant
1,241663902,FH,,,GA,,Benign variant
1,241663902,FH,,,GAGAGAGAGA,,Benign variant
1,241663902,FH,,,GAGA,,Benign variant
1,241663902,FH,,,GAGAGAGAGAGAGAGA,,Benign variant
1,241663902,FH,,,GAGAGA,,Benign variant
2,39224615,SOS1,,,T,,Benign variant
2,121712729,GLI2,,,,CTTTT,Benign variant
2,121713033,GLI2,G,T,,,Benign Variant
2,121736178,GLI2,A,C,,,Sequence artefact
2,175689250,CHN1,,,,TCACCAT,Benign variant
2,182542865,NEUROD1,C,G,,,Benign variant
2,182543598,NEUROD1,G,A,,,Benign variant
2,225422600,CUL3,,,A,,Likely benign variant
3,12434110,PPARG,C,T,,,Benign variant
3,12475578,PPARG,C,T,,,Benign variant
3,122003757,CASR,G,T,,,Benign variant
3,170727701,SLC2A2,,,GTGT,,Benign variant
3,170727702,SLC2A2,,,,GTGT,Benign variant
3,170727701,SLC2A2,,,GT,,Benign variant
3,170727702,SLC2A2,,,,GT,Benign variant
18,19762870,GATA6,A,G,,,Benign variant
3,170727705,SLC2A2,,,,TGT,Benign variant
3,170727705,SLC2A2,,,,T,Benign variant
3,170715683,SLC2A2,,,T,,Benign variant
4,6302759,WFS1,T,G,,,Benign variant
4,84189012,COQ2,,,T,,Benign variant
5,228287,SDHA,,,,T,Benign variant
5,256435,SDHA,,,,CT,Benign variant
5,76607946,PDE8B,,,,T,Benign variant
5,76621612,PDE8B,A,T,,,Benign variant
6,29641397,ZFP57,G,A,,,Benign variant
6,29643872,ZFP57,,,,AT,Benign variant
6,29643872,ZFP57,,,AT,,Benign variant
6,29643875,ZFP57,,,TGTGTGTGTGTGTGTGTG,,Benign variant
6,29643875,ZFP57,,,TGTGTGTGTGTGTGTGTGTG,,Benign variant
6,29643875,ZFP57,,,TGTGTGTGTGTGTGTGTGTGTG,,Benign variant
6,29643875,ZFP57,,,,TGTGTGTGTGTGTGTGTG,Benign variant
6,29643875,ZFP57,,,,TGTGTGTGTGTGTGTG,Benign variant
6,29643875,ZFP57,,,TGTGTGTGTGTGTGTGTGTGTGTGTG,,Benign variant
6,29643875,ZFP57,,,TGTGTGTGTGTGTGTG,,Benign variant
6,29643875,ZFP57,,,TGTGTGTGTGTGTGTGTGTGTGTG,,Benign variant
6,29643875,ZFP57,,,TGTGTGTGTGTG,,Benign variant
6,29643875,ZFP57,,,TGTGTGTGTGTGTG,,Benign variant
6,117243182,RFX6,,,,T,Sequence artefact
6,117243195,RFX6,,,,T,Benign variant
6,117243181,RFX6,,,TT,,Benign variant
6,132169033,ENPP1,,,,GT,Benign variant
6,132169034,ENPP1,,,GTGTGT,,Benign variant
6,132189082,ENPP1,,,,T,Benign variant
7,27135314,HOXA1,,,,TCA ,Benign variant
7,42262936,GLI3,,,,A,Benign variant
7,42262936,GLI3,,,A,,Benign variant
7,44184845,GCK,C,T,,,Benign variant
7,44187452,GCK,C,A,,,Benign variant
7,44193074,GCK,C,T,,,Benign variant
7,44198967,GCK,,,G,,Benign variant
7,44198967,GCK,,,G,,Sequence artefact
7,44229005,GCK,C,T,,,Benign variant
7,44229007,GCK,A,G,,,Benign variant
7,44229544,GCK,C,G,,,Benign variant
7,121437234,HNF1A,A,G,,,Benign variant
7,156802643,MNX1,,,GCGGCG,,Likely artefact
7,156802643,MNX1,,,GCGGCGGCG,,Likely artefact
9,98270646,PTCH1,,,GCC,,Benign variant
9,135946311,CEL,G,C,,,Benign variant
9,135946922,CEL,,,,CCCCCCCCGTGCCGCCCACGGGTGACTCCGGCG,Benign variant
9,135946954,CEL,,,C,,Benign variant
9,135946995,CEL,,,,CCCCCGTGCCGCCCACGGGTGACTCCGGGGCCCCCCCCGTGACCCCCACGGGTGACTCCGAGACCG,Benign variant
9,135947002,CEL,,,,CCCACGGGTGACTCCGAGACCGCCCCCGTGCCG,Benign variant
10,43595836,RET,,,TT,,Benign variant
10,43595849,RET,,,TT,,Benign variant
10,43595850,RET,,,,T,Benign variant
10,43595850,RET,,,T,,Benign variant
10,88817580,GLUD1,,,,A,Benign variant
10,88817580,GLUD1,,,,AA,Benign variant
11,2182049,INS,A,C,,,Benign variant
11,17414581,ABCC8,G,A,,,Benign variant
11,17415956,ABCC8,C,T,,,Benign variant
11,17419224,ABCC8,G,A,,,Benign variant
11,17435042,ABCC8,G,T,,,Benign variant
11,17448719,ABCC8,C,A,,,Benign variant
11,17449969,ABCC8,C,T,,,Benign variant
11,31811460,PAX6,,,TT,,Benign variant
11,31811461,PAX6,,,,TT,Likely artefact
11,31811461,PAX6,,,,T,Likely artefact
11,31811461,PAX6,,,,TTT,Benign variant
11,31811645,PAX6,,,A,,Likely artefact
11,31811645,PAX6,,,AA,,Likely artefact
11,31811645,PAX6,,,AAA,,Benign variant
11,31811646,PAX6,,,,AAAAA,Benign variant
11,31811646,PAX6,,,,AAAAAA,Benign variant
11,31811646,PAX6,,,,A,Benign variant
11,31811646,PAX6,,,,AAAAAAAA,Benign variant
11,31815575,PAX6,C,T,,,Benign variant
11,31823265,PAX6,A,G,,,Benign variant
11,31823512,PAX6,,,,T,Benign variant
11,64576736,MEN1,,,,T,Benign variant
11,64576736,MEN1,,,,AA,Benign variant
11,64576736,MEN1,,,,A,Benign variant
11,64576737,MEN1,,,,TT,Benign variant
11,67258391,AIP,A,G,,,Ref Seq incorrect
11,71952357,PHOX2A,,,,C,Benign variant
11,124739331,ROBO3,,,C,,Benign variant
12,121426583,HNF1A,C,G,,,Benign variant
12,121431382,HNF1A,A,G,,,Benign variant
12,121437267,HNF1A,G,A,,,Benign variant
13,28494229,PDX1,C,T,,,Benign variant
13,28494536,PDX1,G,C,,,Benign variant
13,28498714,PDX1,,,GCC,,Benign variant
13,110839550,COL4A1,A,C,,,Benign variant
13,110859317,COL4A2,,,,A,Outside ROI
13,111076998,COL4A2,,,AAAAA,,Outside ROI
13,111076998,COL4A2,,,AAAA,,Outside ROI
15,90212699,PLIN1,G,A,,,Benign variant
16,8904880,PMM2,,,ATG,,Benign variant
16,58594341,CNOT1,,,,T,Benign variant
17,36065074,HNF1B,T,C,,,Benign variant
17,36070591,HNF1B,,,,TCACCAT,Sequence artefact
17,36070593,HNF1B,T,C,,,Benign variant
17,36093863,HNF1B,,,CAGA,,Sequence artefact
17,36093863,HNF1B,,,CAGACAGA,,Sequence artefact
17,36104803,HNF1B,G,T,,,Benign variant
17,36104942,HNF1B,C,T,,,Benign variant
17,40491273,STAT3,,,A,,Benign variant
17,40491274,STAT3,,,,A,Benign variant
18,3456395,TGIF1,C,T,,,Benign variant
18,19761579,GATA6,A,G,,,Benign variant
19,7117427,INSR,C,T,,,Benign variant
19,7119636,INSR,,,AC,,Sequence artefact
19,7119636,INSR,,,ACAC,,Sequence artefact
19,7119637,INSR,,,,AC,Benign variant
19,7119649,INSR,,,CG,,Benign variant
19,7119649,INSR,T,C,,,Benign variant
19,7119663,INSR,,,,ACACACACACGCAAACGC,Benign variant
19,7125518,INSR,G,A,,,Likely benign variant
19,7143000,INSR,C,T,,,Benign variant
19,7152994,INSR,,,CACACACACACCCCCCC,,Benign variant
19,7153004,INSR,,,C,,Benign variant
19,7153008,INSR,G,T,,,Benign variant
19,7153011,INSR,,,,ACACACACACACA,Benign variant
19,7153025,INSR,,,,CACA,Benign variant
19,7168086,INSR,A,G,,,Benign variant
19,7174637,INSR,C,T,,,Likely benign variant
19,7184653,INSR,,,GAGA,,Sequence artefact
19,7184651,INSR,,,GA,,Sequence artefact
19,7184654,INSR,,,,GA,Sequence artefact
19,7184655,INSR,,,,A,Benign variant
19,7184657,INSR,,,,A,Benign variant
19,7184671,INSR,,,,A,Benign variant
19,7184678,INSR,,,AAAT,,Sequence artefact
19,7184674,INSR,,,AAATAAAT,,Sequence artefact
19,7184674,INSR,,,,GAAATAAAT,Benign variant
19,7184675,INSR,,,,AAATAAAT,Sequence artefact
19,7184675,INSR,,,,AAATAAATAAAT,Sequence artefact
19,7184675,INSR,,,,AAATAAATAAATAAATAAATAAAT,Sequence artefact
19,7184675,INSR,,,,AAAT,Benign variant
19,50905173,POLD1,C,T,,,Benign variant
19,50905324,POLD1,G,C,,,Benign variant
19,50911984,POLD1,C,T,,,Benign variant
19,50912697,POLD1,A,G,,,Benign variant
19,50917065,POLD2,G,A,,,Benign variant
19,50917081,POLD1,C,T,,,Benign variant
19,50918682,POLD1,C,T,,,Benign variant
19,50921231,POLD1,G,A,,,Benign variant
20,42984365,HNF4A,G,A,,,Benign variant
20,43043159,HNF4A,G,A,,,Benign variant
20,43043306,HNF4A,A,G,,,Benign variant
20,43056935,HNF4A,,,,TC,Benign variant
20,43058267,HNF4A,A,G,,,Likely benign variant
MT,3212,MT-TL1,C,T,,,Benign variant
X,10491234,MID1,,,,T,Benign variant
X,22244539,PHEX,,,,TT,Benign variant
X,48382117,EBP,,,,T,Benign variant
7,44229007,GCK,A,G,,,Benign variant
3,12421360,PPARG,C,T,,,Benign variant
19,7143153,INSR,,,,A,Benign variant
19,50911947,POLD1,,,T,,Benign variant
17,40489893,STAT3,,,,ACTCCTTGACCTGAGGGAAT,Benign variant
17,40481710,STAT3,T,C,,,Benign variant
17,40481710,STAT3,G,A,,,Benign variant
8,11612541,GATA4,T,C,,,Benign variant
4,151850226,LRBA,,,A,,Benign variant
11,2182393,INS,,,GCAA,,Benign variant
12,121432117,HNF1A,G,C,,,Benign variant
19,7184652,INSR,,,,GA,Benign variant
19,7184674,INSR,,,AAAT,,Benign variant
19,7184651,INSR,,,GAGA,,Benign variant
19,7184651,INSR,,,GAGAGAGA,,Benign variant
11,31822409,PAX6,,,,AAATCAAACCA,Benign variant
12,121437410,HNF1A,G,A,,,Benign variant
1,156106888,LMNA,C,G,,,Benign variant
1,156106981,LMNA,C,T,,,Benign variant
10,88817579,GLUD1,,,,A,Sequence artefact
1,156107534,LMNA,C,T,,,Benign variant
9,135946921,CEL,,,,CCCCCCCCGTGCCGCCCACGGGTGACTCCGGCG,Benign variant
11,17448704,ABCC8,C,T,,,Benign variant
12,121435427,HNF1A,G,A,,,Benign variant
4,6292915,WFS1,A,G,,,Benign variant
4,6303354,WFS1,G,A,,,Benign variant
19,7293898,INSR,C,G,,,Benign variant
19,7184674,INSR,,,AAAT,,Benign variant
17,36070590,HNF1B,T,G,,,Sequence artefact
19,7184674,INSR,,,,AAATAAAT,Benign variant
7,44192032,GCK,G,A,,,Benign variant
13,28494501,PDX1,G,A,,,Benign variant
19,7184682,INSR,,,AAAT,,Benign variant
19,7184674,INSR,,,,GAAAT,Benign variant
19,7184651,INSR,,,,GA,Benign variant
6,117243181,RFX6,,,,T,Sequence artefact
4,151850226,LRBA,,,,A,Benign variant
1,113460676,SLC16A1,,,,AATAAATA,Benign variant
1,113460676,SLC16A1,,,,AATA,Benign variant
10,88817578,GLUD1,,,,A,Sequence artefact
19,7184670,INSR,,,,A,Benign variant
19,7184673,INSR,,,,GAAATAAAT,Benign variant
19,7184674,INSR,,,,AAAT,Benign variant
19,7184651,INSR,,,,GA,Benign variant
19,7119636,INSR,,,,AC,Benign variant
17,40489892,STAT3,,,,ACTCCTTGACCTGAGGGAAT,Benign variant
